jabar;63
dede;55
rubrik;42
valuta;39
dokter;36
republika;33
tajuk;31
bandung;29
pilgub;29
belia;28
bandara;27
pikiran-rakyat;27
cyber;23
sumbar;22
asean;21
cakrawala;21
sumatera;21
media-dokumentasi;21
daya;21
fitri;21
raya-purwasuka;21
pakuan;21
geulis;21
otokir;21
webmail;21
posted;20
subang;19
memang;19
marketing;18
brand;18
maal;18
konsultasi;18
kpud;17
pemilihan;17
golkar;17
berawan;16
bush;15
gadis;15
restu;15
polda;15
ratusan;15
vakum;15
halaman;15
organ;14
bengkulu;14
richter;14
dirasakan;14
berpotensi;14
kasus;14
lintang;14
parpol;14
cuaca;14
derajat;14
sitoli;14
tsunami;14
pdip;14
bujur;14
senpi;13
home;13
read;12
normal;12
more;12
ubuntu;12
kompor;12
submitted;12
komisi;12
kutil;11
webmaster;11
satapak;10
gulungan;10
seluler;10
temasek;10
kilogram;10
wisman;10
dprd;10
music;10
targetkan;10
kemacetan;9
news;9
cianjur;9
sampaikan;9
tangani;9
stasiun;9
tunda;8
firefox;8
kadisdik;8
tenggara;8
wagub;8
install;8
menentu;8
pasang;8
dicuri;8
laporkan;8
index;8
lampung;8
cengkareng;8
desak;8
ateng;8
tahapan;8
iklim;8
panggil;8
bengku;8
quran;8
straits;8
times;8
tagana;8
jelang;8
toponimi;8
panik;8
kacapi;8
khawatirkan;8
bupati;8
dualisme;8
petinggi;8
kalam;8
senggang;7
berpusat;7
surantih;7
nugrahani;7
horison;7
lumpuhkan;7
djoko;7
ksad;7
gerhan;7
griya;7
medi;7
bukittinggi;7
utara-selatan;7
berkekuatan;7
pagai;7
leisure;7
persib;7
kobarkan;7
kppu;7
muko-muko;7
nostalgia;7
citarum;7
taklukkan;7
koordinat;7
gugatan;7
trentek;7
penjalaran;7
korcil;7
boga;7
prioritas;7
gucangan;7
staf;7
city;7
dinihari;7
dikawasan;7
mentawai;7
menguncang;7
properti;7
ayah;7
geofisika;7
rupiah;7
meteorologi;7
diimbau;7
jawa;7
berlokasi;7
radio;7
pariaman;7
guide;7
habit;7
bermukim;7
bukitinggi;7
university;7
rshs;7
hobi;7
berhamburan;7
guncangan;7
penahapan;7
sumut;7
ruang;7
susulan;7
usung;7
ziswaf;7
faktor;6
subuh;6
hardware;6
directory;6
ensiklodinea;6
aliran;6
yunta;6
menekan;6
wintv;6
with;6
zuhur;6
kurs;6
dipotong;6
agus-emang;6
membesar;6
terserang;6
perdata;6
linux;6
subardi-sunaryo;6
dipecat;6
cimahi;6
package;6
mozilla;6
yppi;6
pemilu;6
sundep;6
euro;6
centre;6
deklarasikan;6
madani;6
pitch;6
power;6
rawamerta;6
cikampek;6
buntut;6
asar;6
jajak;6
tangkap;6
magrib;6
medical;5
berprestasi;5
dikdas;5
sriwijaya;5
hamas;5
kontingen;5
santoso;5
rush;5
karim;5
mengangkat;5
suryadi;5
bioetanol;5
konvensi;5
bekuk;5
terbitlah;5
pemasok;5
taman;5
digoyang;5
chicago;5
ri-australia;5
baku;5
dipasok;5
kepadatan;5
perseorangan;5
survei;5
tiner;5
tarung;5
jatim;5
pilkada;5
kebakaran;5
mekah;5
serap;5
depdagri;5
terperanjat;5
pembentukan;5
korsel;5
award;5
wejangan;5
endang;5
ahmad;4
indosat;4
bike;4
suarapublika;4
rakitan;4
beijing;4
kecewa;4
pictures;4
linux-header;4
punkt;4
font;4
penumpang;4
jakarta;4
superpower;4
kompas;4
sotk;4
after;4
kroasia;4
komunitas;4
persaingan;4
genggam;4
download;4
resonansi;4
piala;4
hasan;4
some;4
sambut;4
device;4
arabic;4
inside;4
work;4
search;4
daan;4
naikkan;4
rendering;4
soft;4
arteri;4
tips;4
files;4
publik;4
around;4
have;4
bedah;4
ketabahan;4
mandala;4
sadikin;4
lapisan;4
sederhanakan;4
songs;4
tiscali;4
annapolis;4
tradisional;4
diguncang;4
soekarno;4
tindakan;4
ujian;4
pertarungan;4
calo;4
kana;4
persuasinya;4
last;4
design;4
penanganan;4
nuklirnya;4
tertular;4
varian;4
then;4
dinamika;4
didapati;3
mogot;3
zubairi;3
melepas;3
perencanaan;3
george;3
didenda;3
setujukah;3
ramping;3
bongkar;3
konstelasi;3
dzuhur;3
refleksi;3
investasi;3
djoerban;3
dibakar;3
mengguncang;3
senduk;3
soekarno-hatta;3
izinkan;3
sahamnya;3
saham;3
damaikan;3
berunjuk;3
monopoli;3
trivanza;3
sumedang;3
telkomsel;3
optimistis;3
mesum;3
ekonomi-bisnis;3
chikungunya;3
virus;3
sosok;3
macet;3
dadap;3
pdip-pks;3
pendekatan;3
persda;3
dedi;3
basuki;3
pelik;3
mengusung;3
spesialis;3
ideologis;3
pendataan;3
maryland;3
kalkulasi;3
rahardi;3
liga;3
ferry;3
gergaji;3
dilantik;3
suriah;3
pramuka;3
achmad;3
cawagub;3
komunikasi;3
fatah;3
cirebon;3
penghuni;3
demo;3
edin;3
menghindari;3
ancol;3
resolusi;3
lintas;3
gerakan;3
kesepahaman;3
prof;3
renungan;3
problem;3
penyelesaian;2
bolehlah;2
jiang;2
dituding;2
syahwat;2
ekuador;2
juventus;2
waduk;2
pemesan;2
pawn;2
decline;2
kamal;2
says;2
beurangna;2
terorisme;2
panineungan;2
atawa;2
slaven;2
kilas;2
ruas;2
al-rahman;2
salut;2
sandrina;2
yusuf;2
einiges;2
ngan;2
sewaan;2
setting;2
mengungsi;2
membekukan;2
geografis;2
nasr;2
halaman-halaman;2
masif;2
pyongyang;2
note;2
tarif;2
indonesia;2
mengikut;2
sepele;2
berpola;2
memusatkan;2
sakol;2
adidaya;2
hajar;2
counselor;2
mengetengahkan;2
faksi;2
maca;2
kawihna;2
tuan;2
disfungsi;2
isu-isu;2
meluluhkan;2
ereksi;2
bertekad;2
jintao;2
tafsir;2
menunda;2
bacaeun;2
berebut;2
boikot;2
hilir;2
kiraan;2
jeung;2
undian;2
washington;2
villarreal;2
pamingpinna;2
volumen;2
suyanto;2
kungsi;2
pasca-ktt;2
study;2
dipinggirkan;2
riquelme;2
falls;2
environment;2
milan;2
pertanyakan;2
direfungsionalisasi;2
fail;2
scizzor;2
menyeruak;2
t-online;2
leuwigajah;2
bekukan;2
garin;2
naypyitaw;2
pendirian;2
merampok;2
rising;2
pernafasan;2
dorong;2
disebabkan;2
diabaikan;2
berkarbonasi;2
ciptakan;2
memercayai;2
ngaji;2
gantikan;2
abbas;2
urai;2
sakaparan-paran;2
perangi;2
kalalaiannya;2
sifu;2
hujungnya;2
jalur;2
frankfurt;2
menyibukkan;2
briptu;2
udomchoke;2
kufah;2
schumacher;2
march;2
ngarakacak;2
xatjtfmo;2
priuk;2
geopolitik;2
internet-providers;2
urdu;2
solution;2
lacak;2
koboi;2
tahap;2
permanent;2
bilangan;2
menggenangi;2
perah;2
nuklir;2
freenet;2
basa;2
hujatan;2
browsers;2
changing;2
properly;2
diplomasi;2
nice;2
ayat2;2
kedelai;2
used;2
owned;2
waris;2
cawang;2
task;2
nombor2;2
hutang;2
mamah;2
suharto;2
hirup;2
dituduhkan;2
warisnya;2
warisannya;2
cinalah;2
seksi;2
ialah;2
penutupan;2
pango;2
dendam;2
dunya;2
papantunan;2
bottom;2
madiun;2
pasteur;2
general;2
enjoy;2
peuting;2
there;2
jenggot;2
peutingna;2
problematic;2
ioitaltarhggfsnlnf;2
ngalungsar;2
wert;2
sabelas;2
order;2
apartment;2
looked;2
kawih;2
skuad;2
variable;2
plugin;2
line;2
isukan;2
baraya;2
ayeuna;2
unfortunately;2
heunteu;2
_disable_pango;2
kehadiran;2
choose;2
hard;2
valid;2
hier;2
feisty;2
might;2
flatrate;2
danai;2
referenz;2
mrbthfzp;2
audio;2
al-mansur;2
especially;2
perhatiannya;2
pakar;2
render;2
manunggal;2
engk;2
almost;2
hindari;2
under;2
naon;2
menyeganinya;2
next;2
merundingkan;2
segolongan;2
tecermin;2
beep-media-player;2
ajukan;2
braucht;2
resiko;2
arcor;2
network;2
indon;2
saha;2
probably;2
ct-scan;2
leumpang;2
imprint;2
bilic;2
pencekalan;2
needs;2
required;2
bersepeda;2
consists;2
rada;2
layung;2
penderita;2
weekend;2
where;2
written;2
derita;2
engine_;2
lantung;2
onthel;2
hear;2
zaomdveyy;2
nbtnpkssqsmgooxdn;2
balap;2
ditutur-tutur;2
aggregator;2
a-158;2
first;2
need;2
beurang;2
posts;2
tambuh;2
pengobatan;2
kuring;2
sinkron;2
papilloma;2
pendekatan-pendekatan;2
panitia;2
composition;2
plastik;2
bunder;2
known;2
deutschlands;2
purwa;2
treatment;2
estu;2
different;2
sd-smp;2
_quran;2
belas;2
sugan;2
kedutaan;2
several;2
usbvision;2
could;2
nova-t;2
ngaprak;2
build;2
resources;2
duaan;2
tang;2
kontrak-kontrak;2
rental;2
tuning;2
dijugjug;2
muara;2
matak;2
pikun;2
kaca;2
q-dsl;2
selatan-rol;2
play;2
however;2
take;2
lemah;2
repot;2
durban;2
tapak;2
emut;2
only;2
tune;2
penayangan;2
recent;2
welcome;2
working;2
horn;2
powered;2
skrip;2
would;2
paranti;2
side;2
delivered;2
exists;2
make;2
perjuangan;2
dawuhan;2
diusulkan;2
which;2
xuavqsgag;2
berumur;2
rincik;2
epidermodysplasia;2
learn;2
better;2
bllkmcjw;2
karandapan;2
driver;2
giant;2
here;2
surprise;2
celetuk;2
synaptic;2
melengkapi;2
kernel;2
diutamakan;2
terminal;2
terusan;2
rachmat;2
rachmatdinata;2
human;2
zayd;2
diderita;2
disematkan;2
acetretin;2
urug;2
fadilah;2
b108;2
projects;2
menghambat;2
menyambangi;2
great;2
kekebalan;2
siti;2
menjenguk;2
bougenvile;2
nucleic;2
rontgen;2
attempt;2
bayyfozuujirnnsokc;2
verruciformis;2
cutaneous;2
cairan;2
jawaban;2
revisi;2
protes;2
terdeteksi;2
diudag-udag;2
botol-botol;2
matching;2
drupal;2
successfull;2
version;2
future;2
asupan;2
makefile;2
kekosongan;2
obat-obatan;2
terkendali;2
kanker;2
objektif;2
anthony;2
installation;2
deoxyribose;2
berinteraksi;2
sekretaris;2
urang;2
ketidakjelasan;2
finished;2
tahu-menahu;2
step;2
hauppauge;2
tembok;2
penyelidikan;2
kontrak;2
regulasi;2
berkoalisi;2
supari;2
gaspary;2
husen;2
murni;2
therefore;2
bookmark;2
dharmais;2
dpr-ri;2
pemprov;2
cibaduyut;2
rudi;2
achiridin;2
pembicaraan;2
dikonsumsi;2
dirjen;2
sembuhkan;2
acid;2
berkepanjangan;2
yogyakarta;2
corresponds;2
pembahasan;2
harita;2
jimmy;2
dereseunna;2
solve;2
pipa;2
surf;2
depag;2
tjeh;2
stick;2
a-128;2
cihampelas;2
ditarjamahkeun;2
ortopedi;2
perhatian;2
compile;2
mendagri;2
natural;2
xhtml;2
dilema;2
kagungan;2
needed;2
pura;2
realistis;2
attachment;2
puguh;2
pertandingan;2
meliput;2
zemin;2
purba;2
peres;1
diperoleh;1
di-skors;1
cipacing;1
humas;1
saifullah;1
sejenak;1
undang-undang;1
infotekno;1
konservatif;1
legonwetan;1
dade;1
stok;1
pentolan;1
kammi;1
tekstil;1
identitas;1
berdialog;1
azmi;1
siro;1
perampokan;1
tegalmindi;1
menyongsong;1
jakjazz;1
alternatif;1
guritno;1
berlawanan;1
tolitoli;1
refresh;1
lalin;1
transfer;1
kiat;1
kool;1
mendongkrak;1
ronaldo;1
jaga;1
grogol;1
mogot-grogol;1
nasution;1
khasiat;1
yahya;1
skenario;1
donny;1
keterkaitan;1
sesat;1
piket;1
solusi;1
pencucian;1
netral;1
pluit;1
bersejarah;1
level;1
perkirakan;1
rute;1
gandeng;1
perhutani;1
pemberdayaan;1
mutlak;1
mengadu;1
ramaikan;1
menggerogoti;1
memasok;1
mengonsumsi;1
tnks;1
fabber;1
sby-jk;1
klub;1
kabid;1
rossi;1
tertangkapnya;1
galian;1
boca;1
diskriminatif;1
mengatur;1
pengembangan;1
pancaroba;1
netralitasnya;1
terjangan;1
organik;1
membekuknya;1
berawal;1
karawang;1
geng;1
banjar;1
kosambi;1
alami;1
delik;1
dibubarkan;1
fenomena;1
perundingan;1
narkoba;1
nugroho;1
penggemar;1
piagam;1
koni;1
bpih;1
rekor;1
spanyol;1
detector;1
ambles;1
publikasikan;1
senpi-senpi;1
spesimen;1
nova;1
serba-serbi;1
tampil;1
luncurkan;1
bantul;1
kumaha;1
pengungsian;1
dilokakaryakan;1
maling;1
dayak;1
petenis;1
interpelasi;1
tanggul;1
rambah;1
intensif;1
beroperasi;1
dicaplok;1
juniors;1
mengarah;1
direktorat;1
ratifikasi;1
unggas;1
majalengka;1
sukatani;1
cpns;1
novotel;1
penjaringan;1
depok;1
banking;1
suram;1
games;1
tenis;1
mohammed;1
jonathan;1
analisa;1
bosnia;1
ditunda;1
antisipasi;1
force;1
usang;1
turnamen;1
voting;1
bernilai;1
pengendalian;1
paviliun;1
widiana;1
gugat;1
pecat;1
ambisinya;1
ghareeb;1
lifestyle;1
ralf;1
klasemen;1
modernitas;1
tuntaskan;1
fisichella;1
garuda;1
berkutik;1
bangkok-rol;1
dayung;1
perburuk;1
membubung;1
iurie;1
persipura;1
satpam;1
asep;1
makhluk;1
cakep;1
hidpku;1
kidul;1
merengkuh;1
mogok;1
pasal;1
penanggulangan;1
terlampaui;1
menempati;1
raih;1
dispenda;1
albar;1
monim;1
blbi;1
kelancaran;1
wicjk;1
cerai;1
merangsang;1
abdullah;1
ditelefon;1
berharga;1
juan;1
pascakeputusan;1
askeskin;1
berkoperasi;1
metro;1
telekomunikasi;1
emosi;1
katapang;1
deltras;1
wulan;1
sherif;1
mangga;1
kebablasan;1
bioskop;1
legalitas;1
anwar;1
maglaj;1
cukai;1
perum;1
terelakkan;1
menyembuhkan;1
michelin;1
pembebasan;1
mengurai;1
gang;1
kredit;1
daftarkan;1
prasmanan;1
muamalat;1
perpecahan;1
mukhlis;1
berunding;1
sukabumi;1
begal;1
bahas;1
golan;1
jabat;1
purwakarta;1
akhiri;1
beristirahat;1
koordinasi;1
metropolitan;1
digita;1
roman;1
adriano;1
losarang;1
menghadirkan;1
tangerang;1
tegur;1
astronot;1
terpengaruh;1
adelin;1
dppk;1
tenda-tenda;1
artis;1
singkirkan;1
persija;1
spacewalk;1
penunggak;1
ferrari;1
garut;1
bukopin;1
angkutan;1
starone;1
tasikmalaya;1
living;1
dilewati;1
kebaikan;1
menyebar;1
dinding;1
martadinata;1
sontak;1
berlantai;1
lokal;1
mengerucut;1
mekominfo;1
pemadam;1
menggarap;1
dibobol;1
incarannya;1
global;1
kreatif;1
berkaca;1
gosong;1
ringgit;1
berlakukan;1
proporsional;1
accu;1
senyum;1
adia;1
jebolnya;1
kompromi-kompromi;1
lukmanto;1
pengendara;1
merangkap;1
budi;1
unilever;1
pingaran;1
gerilya;1
diaplikasikan;1
mengejutkan;1
efektif;1
strum;1
penjualan;1
ilir;1
memperkirakan;1
selang;1
death;1
pemilih;1
merauke;1
melalap;1
menekuk;1
impian;1
ludes;1
memadamkan;1
menjinakkan;1
disarasehankan;1
guncang;1
ambarita;1
gara-gara;1
keluarkan;1
kelembagaan;1
invasi;1
menbudpar;1
menyalakan;1
pihak;1
mayangan;1
bogor;1
bacakan;1
pemkot;1
malakiano;1
ciamis;1
ananova;1
maksimal;1
bermotor;1
bonus;1
diduduki;1
peserta;1
tertidur;1
soundtrack;1
seri-a;1
dijagokan;1
optimal;1
pembayaran;1
memicu;1
layangkan;1
dompu;1
nikmati;1
bonjol;1
platform;1
lumpuh;1
preseden;1
keberanian;1
nyambi;1
capai;1
sulastri;1
airasia;1
penjajakan;1
mahmoud;1
operasional;1
memunculkan;1
rapimcab;1
indramayu;1
fasilitas;1
aswad;1
argentina;1
menggaji;1
deputi;1
menebak;1
libido;1
koordinator;1
arema;1
dilalap;1
permanen;1
irigasi;1
keterwakilan;1
management;1
ppdt;1
imam;1
kerahkan;1
ekstasi;1
diragukan;1
pks-pdip;1
elite;1
melonjak;1
perdana;1
pesimistis;1
jadikan;1
terkini;1
motivasi;1
haniya;1
perbaikan;1
pengamat;1
janjikan;1
cisco;1
induk;1
domuara;1
etnis;1
dataran;1
konstitusi;1
pemutakhiran;1
psikologis;1
purnomo;1
kantuk;1
departemen;1
handphone;1
sedyatmo;1
kesengajaan;1
shimon;1
menggelar;1
fatimah;1
a-146;1
asir;1
olmert;1
ismail;1
journalism;1
audit;1
rindang;1
petruk;1
citizen;1
mengarahkan;1
parpol-parpol;1
anna;1
kali;1
arif;1
your;1
memaksimalkan;1
berprofesi;1
eksplorasi;1
otda;1
legonkulon;1
otonomi;1
penambahan;1
pemungutan;1
qualitas;1
administrasi;1
gaji;1
sayur;1
mimisan;1
wiono;1
halal;1
baya;1
keharmonisan;1
berinisiatif;1
kombes;1
harsya;1
struktur;1
magazin;1
sosialisasi;1
dalangnya;1
amerika;1
bela;1
china;1
bertukar;1
film;1
persoalkan;1
dibenahi;1
pemberian;1
kawin;1
dijebak;1
stroke;1
michael;1
mursyidan;1
dipercaya;1
mutiadi;1
pro-perjuangan;1
pelantikan;1
baldan;1
wirhayatmo;1
pemulasaraan;1
lanjutan;1
terbangun;1
premier;1
perawatan;1
uruguay;1
bergotong;1
kisruh;1
beacukai;1
rukmianto;1
autopsi;1
wihardja;1
pencegahan;1
simbolisasi;1
tanaya;1
mariana;1
menyiramkan;1
penyelenggaraan;1
diabetes;1
bersiap-siap;1
penghuninya;1
dikaji;1
buat;1
ketidaksinkronan;1
sumatra;1
merapat;1
terpaku;1
zakaria;1
rumit;1
parta;1
legam;1
berkoordinasi;1
klausul;1
figur;1
pengambilan;1
unjuk;1
kapolsekta;1
sejahtera;1
menampik;1
bojongloa;1
hangus;1
prestasi;1
royong;1
menjilat;1
tindih;1
heriawan;1
keterikatan;1
traffic;1
perhiasan;1
apbd;1
likuiditas;1
yudi;1
menjajaki;1
terjalinnya;1
sapta;1
kuwait;1
jateng;1
pasangan;1
pks-golkar;1
thailand;1
korpri;1
ancam;1
penggusuran;1
membobol;1
wiyoto;1
menghubungi;1
terciptanya;1
barisan;1
datangkan;1
ditaksir;1
memprihatinkan;1
anak2nya;1
mahluk;1
bersikap;1
